{
  "ensemble_weights": {
    "3model": {
      "lgb": 0.4,
      "xgb": 0.4,
      "dcn": 0.19999999999999996
    },
    "2model": {
      "lgb": 0.7500000000000002,
      "xgb": 0.24999999999999978
    }
  },
  "val_ndcg10": {
    "3model": 0.8929871356709946,
    "2model": 0.892958232909586
  },
  "test_results": {
    "LightGBM": {
      "auc": 0.9028953220381328,
      "avg_precision": 0.72550850233042,
      "log_loss": 0.27840472833180796,
      "ranking": {
        "prec@3": 0.4112764449843102,
        "rec@3": 0.8179896258547944,
        "ndcg@3": 0.8126665283232573,
        "hit@3": 0.9480716671727908,
        "prec@5": 0.2852717886425752,
        "rec@5": 0.8918774522707108,
        "ndcg@5": 0.8397183522810155,
        "hit@5": 0.9857273003340419,
        "prec@10": 0.1662010324931673,
        "rec@10": 0.9686317815531298,
        "ndcg@10": 0.8725189630280441,
        "hit@10": 0.9987853021560886
      }
    },
    "XGBoost": {
      "auc": 0.8884387462485399,
      "avg_precision": 0.6307359305971347,
      "log_loss": 0.30312350207672006,
      "ranking": {
        "prec@3": 0.40823970037453183,
        "rec@3": 0.8148803148803149,
        "ndcg@3": 0.8093187275489476,
        "hit@3": 0.9416945034922563,
        "prec@5": 0.2836926814454904,
        "rec@5": 0.8894099548593929,
        "ndcg@5": 0.8368501170137276,
        "hit@5": 0.9829942301852415,
        "prec@10": 0.1664439720619496,
        "rec@10": 0.969157197527984,
        "ndcg@10": 0.8709083901553353,
        "hit@10": 0.9990889766170665
      }
    },
    "DCN-v2": {
      "auc": 0.8943982444247328,
      "avg_precision": 0.6939371712534499,
      "log_loss": 0.2841173848073133,
      "ranking": {
        "prec@3": 0.40489928130377567,
        "rec@3": 0.8053910424696941,
        "ndcg@3": 0.7995313932919674,
        "hit@3": 0.9416945034922563,
        "prec@5": 0.2836319465532949,
        "rec@5": 0.8856705522435859,
        "ndcg@5": 0.8293068615658625,
        "hit@5": 0.9793501366535075,
        "prec@10": 0.16656544184634073,
        "rec@10": 0.9692020661121784,
        "ndcg@10": 0.864570992830053,
        "hit@10": 0.9987853021560886
      }
    },
    "GBDT Ens (LGB+XGB)": {
      "auc": 0.9029758447015677,
      "avg_precision": 0.709670108667638,
      "log_loss": 0.2810913435112256,
      "ranking": {
        "prec@3": 0.411377669804636,
        "rec@3": 0.8186180413708503,
        "ndcg@3": 0.813750814349436,
        "hit@3": 0.9486790160947465,
        "prec@5": 0.2852110537503796,
        "rec@5": 0.891978786641708,
        "ndcg@5": 0.8406489301493917,
        "hit@5": 0.9857273003340419,
        "prec@10": 0.1664136046158518,
        "rec@10": 0.9689219593713977,
        "ndcg@10": 0.8736479223711343,
        "hit@10": 0.9987853021560886
      }
    },
    "3-Model Ens (LGB+XGB+DCN)": {
      "auc": 0.9023219123373774,
      "avg_precision": 0.6970091761504639,
      "log_loss": 0.27889260602063864,
      "ranking": {
        "prec@3": 0.41147889462496207,
        "rec@3": 0.8187217968116844,
        "ndcg@3": 0.8156467610660351,
        "hit@3": 0.9480716671727908,
        "prec@5": 0.2853325235347708,
        "rec@5": 0.8919607107809355,
        "ndcg@5": 0.8425281400735036,
        "hit@5": 0.9845126024901306,
        "prec@10": 0.16689948375341637,
        "rec@10": 0.9703869880836173,
        "ndcg@10": 0.8760129690316829,
        "hit@10": 0.9987853021560886
      }
    }
  },
  "segment_analysis": {
    "meal_period": {
      "dinner": {
        "n": 18228,
        "3m_auc": 0.8975052018301427,
        "lgb_auc": 0.897377252627569,
        "dcn_auc": 0.8900101674597084,
        "3m_ndcg10": 0.8713877342776012,
        "lgb_ndcg10": 0.8678110558907224
      },
      "late_night": {
        "n": 9132,
        "3m_auc": 0.9077451862391451,
        "lgb_auc": 0.9093304335363422,
        "dcn_auc": 0.8987361881195812,
        "3m_ndcg10": 0.8782839886099437,
        "lgb_ndcg10": 0.8721450723661156
      },
      "lunch": {
        "n": 3660,
        "3m_auc": 0.8958019349637196,
        "lgb_auc": 0.8966011824778285,
        "dcn_auc": 0.8891107229239452,
        "3m_ndcg10": 0.8677527229350537,
        "lgb_ndcg10": 0.8732382846321295
      },
      "snack": {
        "n": 4638,
        "3m_auc": 0.9154089592304305,
        "lgb_auc": 0.9160249962763315,
        "dcn_auc": 0.90676402316875,
        "3m_ndcg10": 0.8935584818593767,
        "lgb_ndcg10": 0.8890361521914009
      }
    },
    "restaurant": {
      "Aura Pizzas": {
        "n": 24612,
        "3m_auc": 0.8983838614596441,
        "lgb_auc": 0.8997965340663399,
        "dcn_auc": 0.8910727568409745,
        "3m_ndcg10": 0.86854830265878,
        "lgb_ndcg10": 0.8656405171148709
      },
      "Dilli Burger Adda": {
        "n": 942,
        "3m_auc": 0.9108077406791351,
        "lgb_auc": 0.9059556168607245,
        "dcn_auc": 0.8270761491338391,
        "3m_ndcg10": 0.8789484115061618,
        "lgb_ndcg10": 0.8644071770805007
      },
      "Masala Junction": {
        "n": 66,
        "3m_auc": 0.9355371900826446,
        "lgb_auc": 0.9305785123966943,
        "dcn_auc": 0.9338842975206612,
        "3m_ndcg10": 0.8991783004521589,
        "lgb_ndcg10": 0.8868027314839588
      },
      "Swaad": {
        "n": 9672,
        "3m_auc": 0.9105719972415321,
        "lgb_auc": 0.9097613124888398,
        "dcn_auc": 0.9055845119420721,
        "3m_ndcg10": 0.893463569697876,
        "lgb_ndcg10": 0.8899252253182135
      },
      "Tandoori Junction": {
        "n": 192,
        "3m_auc": 0.9332031249999999,
        "lgb_auc": 0.936328125,
        "dcn_auc": 0.926953125,
        "3m_ndcg10": 0.8951519658057224,
        "lgb_ndcg10": 0.9038220259298659
      },
      "The Chicken Junction": {
        "n": 174,
        "3m_auc": 0.889179548156956,
        "lgb_auc": 0.8920332936979786,
        "dcn_auc": 0.8970273483947682,
        "3m_ndcg10": 0.8127384734627944,
        "lgb_ndcg10": 0.7820794519730355
      }
    },
    "city": {
      "Bangalore": {
        "n": 2898,
        "3m_auc": 0.8991084020249562,
        "lgb_auc": 0.8984397035436733,
        "dcn_auc": 0.8896874691905747,
        "3m_ndcg10": 0.8711011164486643,
        "lgb_ndcg10": 0.8711091464241036
      },
      "Delhi": {
        "n": 13212,
        "3m_auc": 0.8640058043179308,
        "lgb_auc": 0.8620210468395918,
        "dcn_auc": 0.855324034545426,
        "3m_ndcg10": 0.8162200611460076,
        "lgb_ndcg10": 0.8131119766923195
      },
      "Hyderabad": {
        "n": 7632,
        "3m_auc": 0.9510861664886675,
        "lgb_auc": 0.9535313080969898,
        "dcn_auc": 0.9434854732803292,
        "3m_ndcg10": 0.9305709484205671,
        "lgb_ndcg10": 0.9281886166231609
      },
      "Kolkata": {
        "n": 2274,
        "3m_auc": 0.9010950912343968,
        "lgb_auc": 0.9000967690283415,
        "dcn_auc": 0.8966102992878079,
        "3m_ndcg10": 0.8829055832298801,
        "lgb_ndcg10": 0.8766249928178593
      },
      "Mumbai": {
        "n": 9120,
        "3m_auc": 0.901320031163435,
        "lgb_auc": 0.9026091585872578,
        "dcn_auc": 0.8930812846260388,
        "3m_ndcg10": 0.8708831928473376,
        "lgb_ndcg10": 0.8653742662862898
      },
      "Pune": {
        "n": 522,
        "3m_auc": 0.974078478002378,
        "lgb_auc": 0.9769190117584886,
        "dcn_auc": 0.96940150614348,
        "3m_ndcg10": 0.9607612919226658,
        "lgb_ndcg10": 0.9567047515723611
      }
    },
    "cand_category": {
      "combo": {
        "n": 1820,
        "3m_auc": 0.869667782642287,
        "lgb_auc": 0.8631676538758691,
        "dcn_auc": 0.895338655678599,
        "3m_ndcg10": 0.9739197684801889,
        "lgb_ndcg10": 0.9706131398521386
      },
      "dessert": {
        "n": 623,
        "3m_auc": 0.9940129449838186,
        "lgb_auc": 0.9921431139877741,
        "dcn_auc": 0.9927184466019416,
        "3m_ndcg10": 1.0,
        "lgb_ndcg10": 1.0
      },
      "drink": {
        "n": 1687,