{
  "version": "v3",
  "improvements": [
    "llm_features",
    "30_lgb_trials",
    "25_xgb_trials",
    "temporal_split",
    "ndcg10_optuna"
  ],
  "has_llm_features": true,
  "data": {
    "rows": 212880,
    "feats": 70,
    "train": 141354,
    "val": 35868,
    "test": 35658
  },
  "lgb": {
    "iter": 462,
    "metrics": {
      "auc": 0.8977196754935287,
      "avg_precision": 0.6786440684963679,
      "log_loss": 0.2743763476592542
    },
    "ranking": {
      "prec@3": 0.4112764449843102,
      "rec@3": 0.8179896258547944,
      "ndcg@3": 0.8126665283232573,
      "hit@3": 0.9480716671727908,
      "prec@5": 0.2852717886425752,
      "rec@5": 0.8918774522707108,
      "ndcg@5": 0.8397183522810155,
      "hit@5": 0.9857273003340419,
      "prec@10": 0.1662010324931673,
      "rec@10": 0.9686317815531298,
      "ndcg@10": 0.8725189630280441,
      "hit@10": 0.9987853021560886
    },
    "optuna": {
      "trials": 30,
      "objective": "ndcg@10",
      "best_val": 0.8909147425266026
    }
  },
  "xgb": {
    "metrics": {
      "auc": 0.888995991360099,
      "avg_precision": 0.6163966850348634,
      "log_loss": 0.2908995362409326
    },
    "ranking": {
      "prec@3": 0.40823970037453183,
      "rec@3": 0.8148803148803149,
      "ndcg@3": 0.8093187275489476,
      "hit@3": 0.9416945034922563,
      "prec@5": 0.2836926814454904,
      "rec@5": 0.8894099548593929,
      "ndcg@5": 0.8368501170137276,
      "hit@5": 0.9829942301852415,
      "prec@10": 0.1664439720619496,
      "rec@10": 0.969157197527984,
      "ndcg@10": 0.8709083901553353,
      "hit@10": 0.9990889766170665
    },
    "optuna": {
      "trials": 25,
      "objective": "ndcg@10",
      "best_val": 0.8911257204013959
    }
  },
  "ensemble": {
    "lgb_w": 0.7500000000000002,
    "xgb_w": 0.24999999999999978,
    "metrics": {
      "auc": 0.8982868775740589,
      "avg_precision": 0.6680343050268398,
      "log_loss": 0.2756065992367511
    },
    "ranking": {
      "prec@3": 0.411377669804636,
      "rec@3": 0.8186180413708503,
      "ndcg@3": 0.813750814349436,
      "hit@3": 0.9486790160947465,
      "prec@5": 0.2852110537503796,
      "rec@5": 0.891978786641708,
      "ndcg@5": 0.8406489301493917,
      "hit@5": 0.9857273003340419,
      "prec@10": 0.1664136046158518,
      "rec@10": 0.9689219593713977,
      "ndcg@10": 0.8736479223711343,
      "hit@10": 0.9987853021560886
    }
  },
  "features": [
    "items_in_cart",
    "cart_value",
    "completeness",
    "meal_period",
    "order_hour",
    "is_weekend",
    "restaurant",
    "cart_has_main",
    "cart_has_side",
    "cart_has_drink",
    "cart_has_dessert",
    "user_order_count",
    "user_avg_order_value",
    "user_avg_items",
    "user_weekend_ratio",
    "user_single_item_ratio",
    "user_is_cold_start",
    "cand_category",
    "cand_veg_nonveg",
    "cand_cuisine",
    "cand_typical_role",
    "cand_flavor_profile",
    "cand_popularity_rank",
    "cand_order_frequency",
    "cand_solo_ratio",
    "cand_avg_price",
    "fills_missing_slot",
    "veg_compatible",
    "max_lift",
    "total_co_count",
    "max_confidence",
    "copurchase_pairs",
    "city",
    "city_lift",
    "city_rank",
    "is_local_favorite",
    "cuisine_city_share",
    "cuisine_city_rank",
    "item_emb_0",
    "item_emb_1",
    "item_emb_2",
    "item_emb_3",
    "item_emb_4",
    "item_emb_5",
    "item_emb_6",
    "item_emb_7",
    "item_emb_8",
    "item_emb_9",
    "item_emb_10",
    "item_emb_11",
    "item_emb_12",
    "item_emb_13",
    "item_emb_14",
    "item_emb_15",
    "item_semantic_cluster",
    "llm_context_compatibility",
    "llm_cuisine_cat_affinity",
    "llm_meal_completion",
    "llm_flavor_harmony",
    "llm_cold_start_boost",
    "llm_cold_pop_signal",
    "hour_sin",
    "hour_cos",
    "price_ratio",
    "popularity_x_lift",
    "completeness_gap",
    "price_vs_user_avg",
    "complement_fills_gap",
    "cart_size_bucket",
    "city_item_signal"
  ],
  "cats": [
    "meal_period",
    "restaurant",
    "cand_category",
    "cand_veg_nonveg",
    "cand_cuisine",
    "cand_typical_role",
    "cand_flavor_profile",
    "city",
    "item_semantic_cluster"
  ]
}