{
  "baselines": {
    "Random": {
      "AUC": 0.4966225850374742,
      "AP": 0.1659640629019265,
      "NDCG@3": 0.29029156072359596,
      "Hit@3": 0.460650258280158,
      "Rec@3": 0.38270091854868526,
      "Prec@3": 0.15942469360883216,
      "NDCG@5": 0.4076974166396664,
      "Hit@5": 0.7687632938316621,
      "Rec@5": 0.661702452313209,
      "Prec@5": 0.1654816165299301,
      "NDCG@10": 0.49729801804249435,
      "Hit@10": 0.9884533576420541,
      "Rec@10": 0.8958676818977639,
      "Prec@10": 0.12324521422060165
    },
    "Global Popularity": {
      "AUC": 0.7331482364716881,
      "AP": 0.33733290816143374,
      "NDCG@3": 0.584340027133276,
      "Hit@3": 0.7654208447280462,
      "Rec@3": 0.6886682622553177,
      "Prec@3": 0.2959586751747189,
      "NDCG@5": 0.6479048577067347,
      "Hit@5": 0.9149194773625038,
      "Rec@5": 0.8374096808691157,
      "Prec@5": 0.22503798237617745,
      "NDCG@10": 0.6941986665221629,
      "Hit@10": 0.99179580674567,
      "Rec@10": 0.9506456346246683,
      "Prec@10": 0.13931935581890006
    },
    "Meal Completeness Heuristic": {
      "AUC": 0.5902747661230328,
      "AP": 0.24575090830953988,
      "NDCG@3": 0.48055795180027655,
      "Hit@3": 0.6988757216651473,
      "Rec@3": 0.611173329860659,
      "Prec@3": 0.24045376278739997,
      "NDCG@5": 0.5519344108909665,
      "Hit@5": 0.8644788817988454,
      "Rec@5": 0.7783438960512798,
      "Prec@5": 0.19173503494378608,
      "NDCG@10": 0.6140520872678897,
      "Hit@10": 0.9790337283500455,
      "Rec@10": 0.9293218024758589,
      "Prec@10": 0.13114554846551202
    },
    "Co-purchase Signal": {
      "AUC": 0.7552567278681959,
      "AP": 0.40481167765697695,
      "NDCG@3": 0.7060213745639311,
      "Hit@3": 0.8735946520814342,
      "Rec@3": 0.7554096769228947,
      "Prec@3": 0.3121644890104325,
      "NDCG@5": 0.7425019546372704,
      "Hit@5": 0.9604983287754482,
      "Rec@5": 0.8371147337418988,
      "Prec@5": 0.22212093588574902,
      "NDCG@10": 0.7853759306324958,
      "Hit@10": 0.9978729869340626,
      "Rec@10": 0.9398921497827607,
      "Prec@10": 0.13722272865390459
    },
    "Our 3-Model Ensemble": {
      "AUC": 0.9023219123373774,
      "AP": 0.6970091761504639,
      "NDCG@3": 0.8156467610660351,
      "Hit@3": 0.9480716671727908,
      "Rec@3": 0.8187217968116843,
      "Prec@3": 0.41147889462496196,
      "NDCG@5": 0.8425281400735036,
      "Hit@5": 0.9845126024901306,
      "Rec@5": 0.8919607107809355,
      "Prec@5": 0.2853325235347708,
      "NDCG@10": 0.8760142954907981,
      "Hit@10": 0.9987853021560886,
      "Rec@10": 0.9703869880836173,
      "Prec@10": 0.16689948375341634
    }
  },
  "business_projections": {
    "avg_cart_value": 431.2185887412041,
    "avg_addon_price": 366.3538872297651,
    "projected_engagement_rate": 0.28,
    "projected_acceptance_rate": 0.28,
    "aov_lift_per_order": 102.57908842433424,
    "aov_lift_pct": 23.7881879637376,
    "csao_order_share": 0.28,
    "c2o_improvement": 0.03
  }
}