{
  "version": "v2",
  "fixes": [
    "temporal_split",
    "ndcg10_optuna",
    "40_trials"
  ],
  "data": {
    "rows": 212880,
    "feats": 47,
    "train": 141354,
    "val": 35868,
    "test": 35658,
    "temporal_order": true,
    "train_order_range": "..6403158598",
    "val_order_range": "6403163991..6481903822",
    "test_order_range": "6481911401.."
  },
  "lgb": {
    "iter": 574,
    "params": {
      "objective": "binary",
      "metric": "auc",
      "verbosity": -1,
      "seed": 42,
      "feature_pre_filter": false,
      "force_col_wise": true,
      "learning_rate": 0.04798055015026836,
      "num_leaves": 67,
      "max_depth": 9,
      "min_child_samples": 100,
      "colsample_bytree": 0.741653627502539,
      "subsample": 0.850034408946582,
      "reg_alpha": 0.005660290741688762,
      "reg_lambda": 0.3748942498526825,
      "scale_pos_weight": 4.401031583706385
    },
    "metrics": {
      "auc": 0.9022138507006754,
      "avg_precision": 0.6817369233349124,
      "log_loss": 0.310793910335598
    },
    "ranking": {
      "prec@3": 0.41158011944528794,
      "rec@3": 0.8195717237852069,
      "ndcg@3": 0.8152523248091158,
      "hit@3": 0.94959003947768,
      "prec@5": 0.2872760400850289,
      "rec@5": 0.8955935062676634,
      "ndcg@5": 0.8440224422391966,
      "hit@5": 0.9860309747950198,
      "prec@10": 0.16735499544488314,
      "rec@10": 0.9711901588306083,
      "ndcg@10": 0.876515379321541,
      "hit@10": 0.9993926510780443
    },
    "optuna": {
      "trials": 40,
      "objective": "ndcg@10",
      "best_val": 0.8934503365373947
    }
  },
  "xgb": {
    "params": {
      "objective": "binary:logistic",
      "eval_metric": "auc",
      "tree_method": "hist",
      "seed": 42,
      "verbosity": 0,
      "learning_rate": 0.07928909794821468,
      "max_depth": 9,
      "min_child_weight": 16,
      "colsample_bytree": 0.8056937753654446,
      "subsample": 0.836965827544817,
      "reg_alpha": 0.0014853153980421612,
      "reg_lambda": 0.1767218232266506,
      "scale_pos_weight": 2.2673585565928116
    },
    "metrics": {
      "auc": 0.8950291744120269,
      "avg_precision": 0.6262424347031735,
      "log_loss": 0.2759421934761773
    },
    "ranking": {
      "prec@3": 0.40965684785909506,
      "rec@3": 0.8162335833684148,
      "ndcg@3": 0.8133461339901764,
      "hit@3": 0.9474643182508351,
      "prec@5": 0.28618281202550866,
      "rec@5": 0.8932935413272491,
      "ndcg@5": 0.8428278789775597,
      "hit@5": 0.9863346492559976,
      "prec@10": 0.16726389310658973,
      "rec@10": 0.9713005606264032,
      "ndcg@10": 0.8762713961849297,
      "hit@10": 0.9996963255390222
    },
    "optuna": {
      "trials": 40,
      "objective": "ndcg@10",
      "best_val": 0.8930423154543993
    }
  },
  "ensemble": {
    "lgb_w": 0.7500000000000002,
    "xgb_w": 0.24999999999999978,
    "metrics": {
      "auc": 0.902129519122211,
      "avg_precision": 0.664822356169277,
      "log_loss": 0.2966500947150188
    },
    "ranking": {
      "prec@3": 0.4118837939062658,
      "rec@3": 0.820025066373381,
      "ndcg@3": 0.8169377484686839,
      "hit@3": 0.9489826905557243,
      "prec@5": 0.2875189796538111,
      "rec@5": 0.8962062855321282,
      "ndcg@5": 0.8457315795096393,
      "hit@5": 0.9866383237169754,
      "prec@10": 0.16741573033707868,
      "rec@10": 0.9711859520848286,
      "ndcg@10": 0.8780539549715944,
      "hit@10": 0.9993926510780443
    }
  },
  "features": [
    "items_in_cart",
    "cart_value",
    "completeness",
    "meal_period",
    "order_hour",
    "is_weekend",
    "restaurant",
    "cart_has_main",
    "cart_has_side",
    "cart_has_drink",
    "cart_has_dessert",
    "user_order_count",
    "user_avg_order_value",
    "user_avg_items",
    "user_weekend_ratio",
    "user_single_item_ratio",
    "user_is_cold_start",
    "cand_category",
    "cand_veg_nonveg",
    "cand_cuisine",
    "cand_typical_role",
    "cand_flavor_profile",
    "cand_popularity_rank",
    "cand_order_frequency",
    "cand_solo_ratio",
    "cand_avg_price",
    "fills_missing_slot",
    "veg_compatible",
    "max_lift",
    "total_co_count",
    "max_confidence",
    "copurchase_pairs",
    "city",
    "city_lift",
    "city_rank",
    "is_local_favorite",
    "cuisine_city_share",
    "cuisine_city_rank",
    "hour_sin",
    "hour_cos",
    "price_ratio",
    "popularity_x_lift",
    "completeness_gap",
    "price_vs_user_avg",
    "complement_fills_gap",
    "cart_size_bucket",
    "city_item_signal"
  ],
  "cats": [
    "meal_period",
    "restaurant",
    "cand_category",
    "cand_veg_nonveg",
    "cand_cuisine",
    "cand_typical_role",
    "cand_flavor_profile",
    "city"
  ]
}