{
  "data": {
    "rows": 212880,
    "feats": 47,
    "train": 149340,
    "val": 31512,
    "test": 32028
  },
  "lgb": {
    "iter": 301,
    "params": {
      "objective": "binary",
      "metric": "auc",
      "verbosity": -1,
      "seed": 42,
      "feature_pre_filter": false,
      "force_col_wise": true,
      "learning_rate": 0.11962137216815336,
      "num_leaves": 66,
      "max_depth": 9,
      "min_child_samples": 69,
      "colsample_bytree": 0.868272010544706,
      "subsample": 0.9108097698273996,
      "reg_alpha": 0.010648876864474,
      "reg_lambda": 0.26309419506599924,
      "scale_pos_weight": 3.775050907790179
    },
    "metrics": {
      "auc": 0.9410925967376413,
      "avg_precision": 0.7873814557468867,
      "log_loss": 0.23629177117323527
    }
  },
  "xgb": {
    "params": {
      "objective": "binary:logistic",
      "eval_metric": "auc",
      "tree_method": "hist",
      "seed": 42,
      "verbosity": 0,
      "learning_rate": 0.08845351678115326,
      "max_depth": 8,
      "min_child_weight": 11,
      "colsample_bytree": 0.9942649530035115,
      "subsample": 0.9585902149750071,
      "reg_alpha": 0.03995127115296589,
      "reg_lambda": 0.026607902425012618,
      "scale_pos_weight": 2.0127250944662527
    },
    "metrics": {
      "auc": 0.9364563315350305,
      "avg_precision": 0.7478534941411191,
      "log_loss": 0.2148671349305015
    }
  },
  "ensemble": {
    "lgb_w": 0.8000000000000002,
    "xgb_w": 0.19999999999999984,
    "metrics": {
      "auc": 0.9415285012018588,
      "avg_precision": 0.7819667043703018,
      "log_loss": 0.2280320639124357
    },
    "ranking": {
      "prec@3": 0.40883753927232186,
      "rec@3": 0.8828990322717184,
      "ndcg@3": 0.8869784541063749,
      "hit@3": 0.9793250228032837,
      "prec@5": 0.2738218303435695,
      "rec@5": 0.9333532090990107,
      "ndcg@5": 0.9045056975414614,
      "hit@5": 0.9951352994831256,
      "prec@10": 0.1533596837944664,
      "rec@10": 0.9826558205226852,
      "ndcg@10": 0.9251426451622097,
      "hit@10": 0.9996959562176954
    }
  },
  "features": [
    "items_in_cart",
    "cart_value",
    "completeness",
    "meal_period",
    "order_hour",
    "is_weekend",
    "restaurant",
    "cart_has_main",
    "cart_has_side",
    "cart_has_drink",
    "cart_has_dessert",
    "user_order_count",
    "user_avg_order_value",
    "user_avg_items",
    "user_weekend_ratio",
    "user_single_item_ratio",
    "user_is_cold_start",
    "cand_category",
    "cand_veg_nonveg",
    "cand_cuisine",
    "cand_typical_role",
    "cand_flavor_profile",
    "cand_popularity_rank",
    "cand_order_frequency",
    "cand_solo_ratio",
    "cand_avg_price",
    "fills_missing_slot",
    "veg_compatible",
    "max_lift",
    "total_co_count",
    "max_confidence",
    "copurchase_pairs",
    "city",
    "city_lift",
    "city_rank",
    "is_local_favorite",
    "cuisine_city_share",
    "cuisine_city_rank",
    "hour_sin",
    "hour_cos",
    "price_ratio",
    "popularity_x_lift",
    "completeness_gap",
    "price_vs_user_avg",
    "complement_fills_gap",
    "cart_size_bucket",
    "city_item_signal"
  ],
  "cats": [
    "meal_period",
    "restaurant",
    "cand_category",
    "cand_veg_nonveg",
    "cand_cuisine",
    "cand_typical_role",
    "cand_flavor_profile",
    "city"
  ]
}