{
  "ensemble_weights": {
    "3model": {
      "lgb": 0.20000000000000004,
      "xgb": 0.45,
      "dcn": 0.3499999999999999
    },
    "2model": {
      "lgb": 0.7500000000000002,
      "xgb": 0.24999999999999978
    }
  },
  "val_ndcg10": {
    "3model": 0.8965654263557173,
    "2model": 0.8948817604594449
  },
  "test_results": {
    "LightGBM": {
      "auc": 0.9071037722234694,
      "avg_precision": 0.7289518153678345,
      "log_loss": 0.3115912462227681,
      "ranking": {
        "prec@3": 0.41158011944528794,
        "rec@3": 0.8195717237852069,
        "ndcg@3": 0.8152523248091158,
        "hit@3": 0.94959003947768,
        "prec@5": 0.2872760400850289,
        "rec@5": 0.8955935062676634,
        "ndcg@5": 0.8440224422391966,
        "hit@5": 0.9860309747950198,
        "prec@10": 0.16735499544488314,
        "rec@10": 0.9711901588306083,
        "ndcg@10": 0.876515379321541,
        "hit@10": 0.9993926510780443
      }
    },
    "XGBoost": {
      "auc": 0.8951549734253976,
      "avg_precision": 0.6426701188467605,
      "log_loss": 0.2889759751437304,
      "ranking": {
        "prec@3": 0.40965684785909506,
        "rec@3": 0.8162335833684148,
        "ndcg@3": 0.8133461339901764,
        "hit@3": 0.9474643182508351,
        "prec@5": 0.28618281202550866,
        "rec@5": 0.8932935413272491,
        "ndcg@5": 0.8428278789775597,
        "hit@5": 0.9863346492559976,
        "prec@10": 0.16726389310658973,
        "rec@10": 0.9713005606264032,
        "ndcg@10": 0.8762713961849297,
        "hit@10": 0.9996963255390222
      }
    },
    "DCN-v2": {
      "auc": 0.8941384059440222,
      "avg_precision": 0.6854583679685495,
      "log_loss": 0.28610976464762905,
      "ranking": {
        "prec@3": 0.40398825792084214,
        "rec@3": 0.8062435371424135,
        "ndcg@3": 0.7988054591546274,
        "hit@3": 0.9450349225630125,
        "prec@5": 0.2865472213786821,
        "rec@5": 0.8921546045141552,
        "ndcg@5": 0.8321861428956412,
        "hit@5": 0.9832979046462192,
        "prec@10": 0.16711205587610084,
        "rec@10": 0.9703478742804585,
        "ndcg@10": 0.8654612787934697,
        "hit@10": 0.9990889766170665
      }
    },
    "GBDT Ens (LGB+XGB)": {
      "auc": 0.9063331754307686,
      "avg_precision": 0.7036734227964594,
      "log_loss": 0.2999191077359304,
      "ranking": {
        "prec@3": 0.4118837939062658,
        "rec@3": 0.820025066373381,
        "ndcg@3": 0.8169377484686839,
        "hit@3": 0.9489826905557243,
        "prec@5": 0.2875189796538111,
        "rec@5": 0.8962062855321282,
        "ndcg@5": 0.8457315795096393,
        "hit@5": 0.9866383237169754,
        "prec@10": 0.16741573033707868,
        "rec@10": 0.9711859520848286,
        "ndcg@10": 0.8780539549715944,
        "hit@10": 0.9993926510780443
      }
    },
    "3-Model Ens (LGB+XGB+DCN)": {
      "auc": 0.9052444999609137,
      "avg_precision": 0.6929449525897271,
      "log_loss": 0.273824854493666,
      "ranking": {
        "prec@3": 0.41147889462496196,
        "rec@3": 0.8187161220869086,
        "ndcg@3": 0.816525136086046,
        "hit@3": 0.9508047373215912,
        "prec@5": 0.28800485879137566,
        "rec@5": 0.8970058225676203,
        "ndcg@5": 0.8463552961313329,
        "hit@5": 0.9881566960218645,
        "prec@10": 0.16759793501366538,
        "rec@10": 0.9717568459141492,
        "ndcg@10": 0.8785828036451825,
        "hit@10": 0.9990889766170665
      }
    }
  }
}